Class_code,Species,Type_of_cost_merged,pred_cost_mean
terrinv,Adelges piceae,Damage,7099.312765
terrinv,Adelges tsugae,Management,16.4369052
terrinv,Aedes aegypti,Management,222.7621354
terrinv,Aedes aegypti,Management,256.4208635
terrinv,Aedes aegypti,Management,307.4222659
terrinv,Aedes aegypti,Management,307.4222659
terrinv,Aedes aegypti,Management,338.491723
terrinv,Aedes aegypti,Management,307.4222659
terrinv,Aedes aegypti,Management,136.0583999
terrinv,Aedes aegypti,Management,248.1601236
terrinv,Aedes aegypti,Management,295.8637106
terrinv,Aedes aegypti,Management,314.3417375
terrinv,Aedes aegypti,Management,227.0919246
terrinv,Aedes aegypti,Management,215.3455622
terrinv,Aedes aegypti,Management,370.1681713
terrinv,Aedes aegypti,Management,187.1414263
terrinv,Aedes aegypti,Management,245.0123196
terrinv,Aedes aegypti,Management,263.0899383
terrinv,Aedes aegypti,Management,219.9335507
terrinv,Aedes aegypti,Management,416.7734948
terrinv,Aedes aegypti,Management,549.5184944
terrinv,Aedes aegypti,Management,549.5184944
terrinv,Aedes aegypti,Management,298.1411102
terrinv,Aedes aegypti,Management,503.5174356
terrinv,Aedes aegypti,Management,256.4208635
terrinv,Aedes aegypti,Management,280.0671077
terrinv,Aedes aegypti,Management,307.4222659
terrinv,Aedes aegypti,Management,416.7734948
terrinv,Aedes aegypti,Management,222.7621354
terrinv,Aedes aegypti,Management,447.0911247
terrinv,Aedes aegypti,Management,263.0899383
terrinv,Aedes aegypti,Management,138.1217039
terrinv,Aedes aegypti,Management,416.7734948
terrinv,Aedes aegypti,Management,416.7734948
terrinv,Aedes aegypti,Management,307.4222659
terrinv,Aedes aegypti,Management,307.4222659
terrinv,Aedes aegypti,Damage,658.8765652
terrinv,Aedes aegypti,Damage,732.2287975
terrinv,Aedes aegypti,Damage,1278.980533
terrinv,Aedes aegypti,Damage,2733.557698
terrinv,Aedes aegypti,Damage,2733.557698
terrinv,Aedes aegypti,Damage,2733.557698
terrinv,Aedes aegypti,Damage,2733.557698
terrinv,Aedes aegypti,Damage,2574.834251
terrinv,Aedes aegypti,Damage,2574.834251
terrinv,Aedes aegypti,Damage,1207.376607
terrinv,Aedes aegypti,Damage,1482.050972
terrinv,Aedes aegypti,Damage,1482.050972
terrinv,Aedes aegypti,Damage,1559.203657
terrinv,Aedes aegypti,Damage,1622.521402
terrinv,Aedes aegypti,Damage,1622.521402
terrinv,Aedes aegypti,Damage,839.9863031
terrinv,Aedes aegypti,Damage,839.9863031
terrinv,Aedes aegypti,Damage,839.9863031
terrinv,Aedes aegypti,Damage,1763.50716
terrinv,Aedes aegypti,Damage,1763.50716
terrinv,Aedes aegypti,Damage,1763.50716
terrinv,Aedes aegypti,Damage,1763.50716
terrinv,Aedes aegypti,Damage,809.9023056
terrinv,Aedes aegypti,Damage,1944.79328
terrinv,Aedes aegypti,Damage,1944.79328
terrinv,Aedes aegypti,Damage,782.474301
terrinv,Aedes aegypti,Damage,1393.907449
terrinv,Aedes aegypti,Damage,628.7684694
terrinv,Aedes aegypti,Damage,1712.355414
terrinv,Aedes aegypti,Damage,1240.354115
terrinv,Aedes aegypti,Damage,1381.649166
terrinv,Aedes aegypti,Damage,1498.256913
terrinv,Aedes aegypti,Damage,1498.256913
terrinv,Aedes aegypti,Damage,2383.338161
terrinv,Aedes aegypti,Damage,2383.338161
terrinv,Aedes aegypti,Damage,948.9193665
terrinv,Aedes aegypti,Damage,1250.877013
terrinv,Aedes aegypti,Damage,2733.557698
terrinv,Aedes aegypti,Damage,2383.338161
terrinv,Aedes aegypti,Damage,1482.050972
terrinv,Aedes aegypti,Damage,2864.856601
terrinv,Aedes aegypti,Damage,3112.174861
terrinv,Aedes aegypti,Damage,2700.789702
terrinv,Aedes aegypti,Damage,1763.50716
terrinv,Aedes aegypti,Damage,1278.980533
terrinv,Aedes aegypti,Damage,1278.980533
terrinv,Aedes aegypti,Damage,1944.79328
terrinv,Aedes aegypti,Damage,2383.338161
terrinv,Aedes aegypti,Damage,1813.513042
terrinv,Aedes aegypti,Mixed,7.861238108
terrinv,Aedes aegypti,Damage,52.13649008
terrinv,Aedes aegypti,Damage,52.13649008
terrinv,Aedes aegypti,Damage,52.13649008
terrinv,Aedes aegypti,Damage,52.13649008
terrinv,Aedes aegypti,Damage,52.13649008
terrinv,Aedes aegypti,Damage,52.13649008
terrinv,Aedes aegypti,Damage,52.13649008
terrinv,Aedes aegypti,Damage,52.13649008
terrinv,Aedes aegypti,Damage,52.13649008
terrinv,Aedes aegypti,Damage,81.08307391
terrinv,Aedes aegypti,Damage,81.08307391
terrinv,Aedes aegypti,Management,345.4732734
terrinv,Aedes aegypti,Management,345.4732734
terrinv,Aedes aegypti,Management,537.2305328
terrinv,Aedes aegypti,Damage,178.474084
terrinv,Aedes aegypti,Damage,130.5592784
terrinv,Aedes aegypti,Damage,101.1325847
terrinv,Aedes aegypti,Damage,143.4229208
terrinv,Aedes aegypti,Damage,115.2223095
terrinv,Aedes albopictus,Management,3.654125598
terrinv,Aedes albopictus,Management,1.507390572
terrinv,Aedes albopictus,Management,1.045842011
terrinv,Aedes albopictus,Management,0.967641755
terrinv,Aedes camptorhynchus,Management,968.6172225
terrinv,Agrilus planipennis,Management,99.65245502
terrinv,Agrilus planipennis,Management,127.5185592
terrinv,Agrilus planipennis,Management,1092.1545
terrinv,Aleurodicus rugioperculatus,Management,0.000553994
Bird,Alopochen aegyptiaca,Damage,0.842537338
terrinv,Anastrepha fraterculus,Damage,96.55941325
terrinv,Anastrepha fraterculus,Management,12.26366051
Reptilia,Anolis carolinensis,Management,0.12322098
Reptilia,Anolis carolinensis,Management,0.12322098
terrinv,Anopheles darlingi,Management,620.5702386
terrinv,Anoplophora chinensis,Management,43.59190965
terrinv,Anoplophora chinensis,Management,3.313340238
terrinv,Anoplophora chinensis,Management,3.313340238
terrinv,Anoplophora glabripennis,Management,468.3358729
terrinv,Anoplophora glabripennis,Management,423.7807188
terrinv,Anoplophora glabripennis,Management,505.4466011
terrinv,Anoplophora glabripennis,Management,1422.886432
terrinv,Anoplophora glabripennis,Management,1819.454483
terrinv,Anoplophora glabripennis,Management,1819.454483
terrinv,Anoplophora glabripennis,Management,1819.454483
terrinv,Anoplophora glabripennis,Damage,3477.807879
terrinv,Anthonomus grandis,Damage,1047.126179
terrinv,Anthonomus grandis,Management,117.4633758
terrinv,Anthonomus grandis,Management,157.3516462
terrinv,Anthonomus grandis,Mixed,77487.33724
terrinv,Anthonomus grandis,Unspecified,1343.169503
terrinv,Anthonomus grandis,Management,14.26422947
terrinv,Anthonomus grandis,Management,312.2192976
terrinv,Anthonomus grandis,Management,312.2192976
terrinv,Anthonomus grandis,Management,312.2192976
terrinv,Anthonomus grandis,Management,312.2192976
terrinv,Arion lusitanicus,Damage,171.7260777
terrinv,Bactrocera philippinensis,Damage,742.294233
terrinv,Bactrocera philippinensis,Management,264.5415948
terrinv,Bactrocera tryoni,Damage,324.7148901
terrinv,Bactrocera tryoni,Management,50.13739413
terrinv,Bactrocera tryoni,Management,50.13739413
terrinv,Bemisia tabaci,Management,0.596180758
terrinv,Bemisia tabaci,Management,0.596180758
Reptilia,Boiga irregularis,Management,2.931982385
Bird,Branta canadensis,Damage,1.870343868
Bird,Branta canadensis,Management,3.046361073
terrinv,Bruchus pisorum,Mixed,29.14293715
terrinv,Bursaphelenchus mucronatus,Management,0.732198171
terrinv,Bursaphelenchus mucronatus,Management,2.553117767
terrinv,Bursaphelenchus mucronatus,Management,2.553117767
terrinv,Bursaphelenchus mucronatus,Management,2.553117767
terrinv,Bursaphelenchus mucronatus,Management,2.553117767
terrinv,Bursaphelenchus mucronatus,Damage,13920.51016
terrinv,Bursaphelenchus mucronatus,Damage,13920.51016
terrinv,Bursaphelenchus mucronatus,Mixed,144.8914558
terrinv,Cactoblastis cactorum,Management,51.44248492
terrinv,Cactoblastis cactorum,Damage,196.0262872
terrinv,Cactoblastis cactorum,Management,2.706545739
terrinv,Cactoblastis cactorum,Management,0.003369765
terrinv,Cactoblastis cactorum,Management,0.003369765
terrinv,Cactoblastis cactorum,Management,0.003369765
terrinv,Cactoblastis cactorum,Management,0.003369765
Mammal,Callosciurus erythraeus,Damage,0.189560591
Mammal,Callosciurus erythraeus,Damage,0.189560591
Mammal,Callosciurus erythraeus,Damage,0.189560591
Mammal,Callosciurus erythraeus,Damage,0.189560591
Mammal,Callosciurus erythraeus,Damage,0.189560591
Mammal,Callosciurus erythraeus,Damage,0.189560591
Mammal,Callosciurus erythraeus,Damage,0.189560591
Mammal,Callosciurus erythraeus,Damage,0.189560591
Mammal,Callosciurus erythraeus,Damage,0.189560591
Mammal,Callosciurus erythraeus,Damage,0.189560591
Mammal,Callosciurus erythraeus,Damage,0.189560591
Mammal,Callosciurus erythraeus,Damage,0.189560591
Mammal,Callosciurus erythraeus,Damage,0.189560591
Mammal,Callosciurus erythraeus,Damage,0.189560591
Mammal,Callosciurus erythraeus,Damage,0.189560591
Mammal,Callosciurus erythraeus,Damage,0.189560591
Mammal,Camelus dromedarius,Damage,1.984917886
Mammal,Camelus dromedarius,Damage,1.984917886
Mammal,Camelus dromedarius,Damage,1.984917886
Mammal,Camelus dromedarius,Damage,1.984917886
Mammal,Camelus dromedarius,Damage,1.984917886
Mammal,Camelus dromedarius,Damage,1.984917886
Mammal,Camelus dromedarius,Damage,1.984917886
Mammal,Camelus dromedarius,Damage,1.984917886
Mammal,Camelus dromedarius,Management,0.979011383
Mammal,Camelus dromedarius,Management,0.26918811
Mammal,Camelus dromedarius,Management,0.26918811
Mammal,Camelus dromedarius,Management,0.26918811
Mammal,Camelus dromedarius,Management,0.26918811
Mammal,Camelus dromedarius,Management,0.26918811
Mammal,Camelus dromedarius,Damage,0.054393291
Mammal,Camelus dromedarius,Management,6.646670141
Mammal,Camelus dromedarius,Damage,7.095018276
Mammal,Camelus dromedarius,Damage,7.095018276
Mammal,Camelus dromedarius,Management,0.95125769
Mammal,Camelus dromedarius,Management,0.95125769
Mammal,Camelus dromedarius,Management,0.95125769
Mammal,Camelus dromedarius,Management,0.95125769
Mammal,Camelus dromedarius,Management,0.95125769
Mammal,Camelus dromedarius,Management,0.95125769
Mammal,Camelus dromedarius,Management,0.95125769
Mammal,Camelus dromedarius,Management,0.95125769
Mammal,Camelus dromedarius,Management,0.95125769
Mammal,Camelus dromedarius,Management,0.95125769
Mammal,Camelus dromedarius,Management,0.95125769
Mammal,Camelus dromedarius,Management,0.95125769
terrinv,Cameraria ohridella,Management,62.43424869
Mammal,Canis lupus,Damage,86.00819853
Mammal,Canis lupus,Damage,86.00819853
Mammal,Canis lupus,Management,1468.50447
Mammal,Canis lupus,Management,3084.076999
Mammal,Canis lupus,Damage,2228.032017
Mammal,Capra hircus,Damage,15.07768515
Mammal,Capra hircus,Damage,15.07768515
Mammal,Capra hircus,Damage,15.07768515
Mammal,Capra hircus,Damage,15.07768515
Mammal,Capra hircus,Damage,15.07768515
Mammal,Capra hircus,Damage,15.07768515
Mammal,Capra hircus,Damage,15.07768515
Mammal,Capra hircus,Management,1.730842897
Mammal,Capra hircus,Management,1.730842897
Mammal,Capra hircus,Management,8.637027641
Mammal,Capra hircus,Management,8.192817741
Mammal,Capra hircus,Management,8.637027641
Mammal,Capra hircus,Management,8.637027641
Mammal,Capra hircus,Damage,18.66211965
Mammal,Capra hircus,Damage,18.66211965
Mammal,Castor canadensis,Damage,0.639465636
Mammal,Castor canadensis,Damage,0.064335058
Mammal,Castor canadensis,Damage,0.690947955
terrinv,Ceratitis capitata,Damage,378.3075571
terrinv,Ceratitis capitata,Management,40.71991111
terrinv,Ceutorhynchus obstrictus,Damage,1153.088925
Reptilia,Chelydra serpentina,Management,0.040888997
Reptilia,Chelydra serpentina,Management,0.040888997
terrinv,Chilo partellus,Damage,524.5393056
terrinv,Chilo partellus,Damage,602.1989424
terrinv,Chilo partellus,Damage,649.2997062
terrinv,Chilo partellus,Damage,810.9708657
terrinv,Cochliomyia hominivorax,Damage,9182.226
terrinv,Coptotermes formosanus,Mixed,20713.01749
terrinv,Coptotermes formosanus,Mixed,20713.01749
terrinv,Coptotermes gestroi,Damage,6.331979169
terrinv,Coptotermes gestroi,Damage,6.331979169
terrinv,Coptotermes gestroi,Management,4.091385493
terrinv,Coptotermes gestroi,Management,4.091385493
terrinv,Coptotermes gestroi,Management,4.091385493
terrinv,Coptotermes gestroi,Mixed,22.75039834
Freshwater,Corbicula fluminea,Damage,0.481686537
terrinv,Cydia pomonella,Damage,3941.659541
Bird,Cygnus olor,Damage,0.04223349
Bird,Cygnus olor,Management,0.051126948
Bird,Cygnus olor,Management,0.731941764
terrinv,Daktulosphaira vitifoliae,Management,1.7206388
terrinv,Daktulosphaira vitifoliae,Mixed,3.959487998
terrinv,Dendroctonus micans,Damage,0.62427177
terrinv,Dendroctonus micans,Damage,0.62427177
terrinv,Dendroctonus micans,Management,0.162008483
terrinv,Dendroctonus micans,Management,0.162008483
Freshwater,Dreissena polymorpha,Management,11.15707893
Freshwater,Dreissena polymorpha,Mixed,4842.586676
Freshwater,Dreissena polymorpha,Unspecified,4589.535775
terrinv,Drosophila suzukii,Damage,133.901108
terrinv,Elatobium abietinum,Damage,22.94376275
terrinv,Ephestia kuehniella,Damage,3.840068969
terrinv,Ephestia kuehniella,Management,4.645770261
terrinv,Ephestia kuehniella,Management,4.645770261
terrinv,Ephestia kuehniella,Management,4.645770261
terrinv,Ephestia kuehniella,Management,2.986308362
Mammal,Equus caballus,Management,1.036607891
Mammal,Felis catus,Damage,11.28079566
Mammal,Felis catus,Management,0.638697038
Mammal,Felis catus,Management,0.491870288
Mammal,Felis catus,Mixed,1167.215657
Mammal,Felis catus,Mixed,1167.215657
Mammal,Felis catus,Mixed,1167.215657
Mammal,Felis catus,Mixed,1167.215657
Mammal,Felis catus,Mixed,1167.215657
Mammal,Felis catus,Mixed,1167.215657
terrinv,Frankliniella occidentalis,Damage,591.4049626
terrinv,Globodera rostochiensis,Management,0.835067702
terrinv,Globodera rostochiensis,Management,0.835067702
terrinv,Globodera rostochiensis,Management,0.835067702
terrinv,Globodera rostochiensis,Management,0.835067702
Freshwater,Gyrodactylus salaris,Damage,525.4033879
Freshwater,Gyrodactylus salaris,Damage,525.4033879
terrinv,Haematobia irritans,Damage,16658.24553
terrinv,Halotydeus destructor,Damage,858.2615311
Mammal,Hemitragus jemlahicus,Management,1.927831987
Mammal,Herpestes javanicus,Damage,0.138454049
Mammal,Herpestes javanicus,Damage,0.138454049
Mammal,Herpestes javanicus,Damage,0.138454049
Mammal,Herpestes javanicus,Damage,0.138454049
Mammal,Herpestes javanicus,Damage,0.138454049
Mammal,Herpestes javanicus,Damage,0.138454049
Mammal,Herpestes javanicus,Damage,0.138454049
Mammal,Herpestes javanicus,Damage,0.138454049
Mammal,Herpestes javanicus,Damage,0.138454049
terrinv,Hyblaea puera,Management,0.440989738
terrinv,Hypera postica,Management,8178.488545
terrinv,Hyphantria cunea,Mixed,20.42722447
terrinv,Hypothenemus hampei,Damage,24.610636
terrinv,Leptinotarsa decemlineata,Damage,20.80918065
terrinv,Leptinotarsa decemlineata,Management,16.86042478
terrinv,Leptinotarsa decemlineata,Management,4.095223345
terrinv,Leptinotarsa decemlineata,Management,4.095223345
terrinv,Leptinotarsa decemlineata,Management,7.635657331
Freshwater,Limnoperna fortunei,Management,13.15275998
Freshwater,Limnoperna fortunei,Management,23.60687574
terrinv,Linepithema humile,Management,0.4973076
terrinv,Linepithema humile,Management,0.4973076
terrinv,Linepithema humile,Management,0.4973076
terrinv,Linepithema humile,Management,0.4973076
terrinv,Linepithema humile,Management,0.4973076
terrinv,Linepithema humile,Management,0.4973076
terrinv,Linepithema humile,Management,0.4973076
terrinv,Linepithema humile,Management,0.4973076
terrinv,Linepithema humile,Management,0.647934557
terrinv,Linepithema humile,Management,0.647934557
terrinv,Linepithema humile,Management,0.647934557
terrinv,Linepithema humile,Management,0.647934557
terrinv,Liriomyza huidobrensis,Management,30.41703324
terrinv,Liriomyza sativae,Damage,889.3492993
terrinv,Lissachatina fulica,Management,30.8727442
terrinv,Listronotus bonariensis,Damage,587.019546
terrinv,Listronotus bonariensis,Damage,587.019546
terrinv,Listronotus bonariensis,Damage,69.41968672
Amphibian,Lithobates catesbeianus,Management,0.146854034
terrinv,Lymantria dispar,Management,98.17828833
terrinv,Lymantria dispar,Management,98.17828833
terrinv,Lymantria dispar,Management,98.17828833
terrinv,Lymantria dispar,Management,98.17828833
terrinv,Lymantria dispar,Management,98.17828833
terrinv,Lymantria dispar,Damage,3998.390674
terrinv,Lymantria dispar,Damage,4691.130804
terrinv,Lymantria dispar,Damage,729.7076855
terrinv,Lymantria dispar,Management,19.37267252
terrinv,Maconellicoccus hirsutus,Management,0.103248954
Mammal,Muntiacus reevesi,Damage,0.08837695
Mammal,Muntiacus reevesi,Damage,0.08837695
Mammal,Muntiacus reevesi,Damage,0.08837695
Mammal,Muntiacus reevesi,Damage,0.08837695
Mammal,Muntiacus reevesi,Damage,0.08837695
Mammal,Muntiacus reevesi,Damage,0.08837695
Mammal,Muntiacus reevesi,Damage,0.08837695
Mammal,Muntiacus reevesi,Damage,0.08837695
Mammal,Muntiacus reevesi,Damage,0.08837695
Mammal,Muntiacus reevesi,Damage,0.08837695
Mammal,Muntiacus reevesi,Damage,0.08837695
Mammal,Muntiacus reevesi,Damage,0.08837695
Mammal,Muntiacus reevesi,Damage,0.08837695
Mammal,Mus musculus,Damage,39.21868689
Mammal,Mustela erminea,Management,5.531955069
Bird,Myiopsitta monachus,Management,1.452060361
Bird,Myiopsitta monachus,Management,2.872777733
Mammal,Myocastor coypus,Damage,2.604340884
Mammal,Myocastor coypus,Damage,2.691408754
Mammal,Myocastor coypus,Damage,2.691408754
Mammal,Myocastor coypus,Damage,2.691408754
Mammal,Myocastor coypus,Damage,2.691408754
Mammal,Myocastor coypus,Damage,2.691408754
Mammal,Myocastor coypus,Damage,2.691408754
Mammal,Myocastor coypus,Damage,2.691408754
Mammal,Myocastor coypus,Damage,2.691408754
Mammal,Myocastor coypus,Damage,2.691408754
Mammal,Myocastor coypus,Damage,2.691408754
Mammal,Myocastor coypus,Damage,2.691408754
Mammal,Myocastor coypus,Damage,2.691408754
Mammal,Myocastor coypus,Damage,2.691408754
Mammal,Myocastor coypus,Damage,2.691408754
Mammal,Myocastor coypus,Damage,2.691408754
Mammal,Myocastor coypus,Damage,2.691408754
Mammal,Myocastor coypus,Damage,2.691408754
Mammal,Myocastor coypus,Damage,2.691408754
Mammal,Myocastor coypus,Damage,0.566991037
Mammal,Myocastor coypus,Management,6.400982019
Mammal,Myocastor coypus,Damage,27.59248511
Mammal,Neovison vison,Management,10.561173
Mammal,Neovison vison,Management,7.510231431
Mammal,Neovison vison,Management,8.387373955
Mammal,Neovison vison,Management,8.387373955
Mammal,Neovison vison,Management,8.387373955
Mammal,Neovison vison,Management,8.387373955
Mammal,Neovison vison,Management,8.387373955
Mammal,Neovison vison,Management,8.387373955
Mammal,Neovison vison,Management,8.387373955
Mammal,Neovison vison,Management,8.387373955
Mammal,Neovison vison,Management,8.387373955
Mammal,Neovison vison,Management,8.387373955
Mammal,Neovison vison,Management,8.387373955
Mammal,Neovison vison,Management,8.387373955
Mammal,Neovison vison,Management,8.387373955
Mammal,Neovison vison,Management,8.387373955
Mammal,Neovison vison,Management,8.387373955
Mammal,Neovison vison,Management,6.383613922
Mammal,Neovison vison,Management,6.383613922
Mammal,Neovison vison,Management,4.651559361
Mammal,Neovison vison,Management,4.651559361
Mammal,Neovison vison,Management,9.637064849
Mammal,Neovison vison,Management,1.319279477
Mammal,Neovison vison,Damage,10.34582436
Mammal,Neovison vison,Damage,10.34582436
terrinv,Nilaparvata lugens,Damage,597.2739003
Mammal,Nyctereutes procyonoides,Management,0.819643181
Mammal,Nyctereutes procyonoides,Management,0.866832016
Mammal,Nyctereutes procyonoides,Management,0.866832016
Mammal,Nyctereutes procyonoides,Management,1.44384871
Mammal,Nyctereutes procyonoides,Management,0.763694459
Mammal,Ondatra zibethicus,Damage,36.4917177
Mammal,Ondatra zibethicus,Damage,270.0901
Mammal,Ondatra zibethicus,Damage,270.0901
Mammal,Ondatra zibethicus,Management,12.16363585
Mammal,Ondatra zibethicus,Management,23.37577032
Mammal,Ondatra zibethicus,Management,23.37577032
Mammal,Ondatra zibethicus,Management,20.64835836
Mammal,Ondatra zibethicus,Management,20.64835836
Mammal,Ondatra zibethicus,Damage,10.6673712
Mammal,Ondatra zibethicus,Damage,3.749793114
Mammal,Ondatra zibethicus,Damage,12.79080763
Mammal,Oryctolagus cuniculus,Damage,311.5018021
Mammal,Oryctolagus cuniculus,Damage,311.5018021
Mammal,Oryctolagus cuniculus,Damage,311.5018021
Mammal,Oryctolagus cuniculus,Damage,311.5018021
Mammal,Oryctolagus cuniculus,Damage,311.5018021
Mammal,Oryctolagus cuniculus,Damage,255.1659682
Mammal,Oryctolagus cuniculus,Damage,311.5018021
Mammal,Oryctolagus cuniculus,Damage,28.9318975
Mammal,Oryctolagus cuniculus,Damage,25.38871257
Mammal,Oryctolagus cuniculus,Management,7.722309628
Mammal,Oryctolagus cuniculus,Management,7.722309628
Mammal,Oryctolagus cuniculus,Management,6.722734591
Mammal,Oryctolagus cuniculus,Management,6.722734591
Mammal,Oryctolagus cuniculus,Management,6.722734591
Mammal,Oryctolagus cuniculus,Management,6.722734591
Mammal,Oryctolagus cuniculus,Management,10.16288652
Mammal,Oryctolagus cuniculus,Damage,116.903356
Bird,Oxyura jamaicensis,Management,4.849328569
Bird,Oxyura jamaicensis,Management,4.849328569
Bird,Oxyura jamaicensis,Management,4.849328569
Bird,Oxyura jamaicensis,Management,4.849328569
Freshwater,Pacifastacus leniusculus,Damage,0.500444623
Freshwater,Pacifastacus leniusculus,Management,1.045253153
Freshwater,Pacifastacus leniusculus,Management,0.831132686
Freshwater,Pacifastacus leniusculus,Management,0.831132686
Freshwater,Pacifastacus leniusculus,Management,0.831132686
Freshwater,Pacifastacus leniusculus,Management,0.831132686
Freshwater,Pacifastacus leniusculus,Management,1.045253153
Freshwater,Pacifastacus leniusculus,Mixed,3.25789449
Freshwater,Pacifastacus leniusculus,Mixed,2.452462677
Mammal,Paguma larvata,Damage,6.580774552
Mammal,Paguma larvata,Damage,6.580774552
Mammal,Paguma larvata,Damage,6.580774552
Mammal,Paguma larvata,Damage,6.580774552
Mammal,Paguma larvata,Damage,6.580774552
Mammal,Paguma larvata,Damage,6.580774552
Mammal,Paguma larvata,Damage,6.580774552
Mammal,Paguma larvata,Damage,6.580774552
Mammal,Paguma larvata,Damage,6.580774552
Mammal,Paguma larvata,Damage,6.580774552
Mammal,Paguma larvata,Damage,6.580774552
Mammal,Paguma larvata,Damage,6.580774552
Mammal,Paguma larvata,Damage,6.580774552
Mammal,Paguma larvata,Damage,6.580774552
Mammal,Paguma larvata,Damage,6.580774552
Mammal,Paguma larvata,Damage,6.580774552
Mammal,Paguma larvata,Damage,6.580774552
Mammal,Paguma larvata,Damage,6.580774552
terrinv,Paracoccus marginatus,Management,1031.37402
terrinv,Pectinophora gossypiella,Mixed,117.4115875
Freshwater,Petromyzon marinus,Management,83.55392743
Freshwater,Petromyzon marinus,Damage,1404.479573
Mammal,Phascolarctos cinereus,Management,0.263345102
Mammal,Phascolarctos cinereus,Management,0.263345102
Bird,Phasianus colchicus,Damage,6.366248284
terrinv,Phenacoccus solenopsis,Damage,6787.435531
Fish,Phoxinus phoxinus,Management,0.573741663
terrinv,Phthorimaea operculella,Mixed,144.9373503
Freshwater,Pomacea canaliculata,Damage,3661.633412
Freshwater,Pomacea canaliculata,Mixed,164.7171707
Freshwater,Procambarus clarkii,Damage,1.830380623
Freshwater,Procambarus clarkii,Management,5.531033331
Mammal,Procyon lotor,Damage,5.628236365
Mammal,Procyon lotor,Damage,5.628236365
Mammal,Procyon lotor,Damage,5.628236365
Mammal,Procyon lotor,Damage,5.628236365
Mammal,Procyon lotor,Damage,5.628236365
Mammal,Procyon lotor,Damage,5.628236365
Mammal,Procyon lotor,Damage,5.628236365
Mammal,Procyon lotor,Damage,5.628236365
Mammal,Procyon lotor,Damage,5.628236365
Mammal,Procyon lotor,Damage,5.628236365
Mammal,Procyon lotor,Damage,5.628236365
Mammal,Procyon lotor,Damage,5.628236365
Mammal,Procyon lotor,Damage,5.628236365
Mammal,Procyon lotor,Damage,5.628236365
Mammal,Procyon lotor,Damage,5.628236365
Mammal,Procyon lotor,Damage,5.628236365
Mammal,Procyon lotor,Damage,5.628236365
Mammal,Procyon lotor,Damage,5.628236365
Mammal,Procyon lotor,Management,0.02390984
Mammal,Procyon lotor,Management,0.02390984
Mammal,Procyon lotor,Management,0.02390984
Mammal,Procyon lotor,Management,0.02390984
Mammal,Procyon lotor,Management,0.02390984
Mammal,Procyon lotor,Management,0.02390984
Mammal,Procyon lotor,Management,0.02390984
terrinv,Prostephanus truncatus,Management,0.099139012
terrinv,Prostephanus truncatus,Management,0.117480518
terrinv,Prostephanus truncatus,Management,0.150983047
Fish,Pseudorasbora parva,Management,0.411395147
Fish,Pseudorasbora parva,Management,0.411395147
Bird,Psittacula krameri,Damage,53.92793792
Bird,Psittacula krameri,Damage,53.33025162
Bird,Psittacula krameri,Management,0.324765092
terrinv,Raoiella indica,Management,2.156574363
Mammal,Rattus exulans,Management,2.509903577
Mammal,Rattus norvegicus,Management,1.043049942
Mammal,Rattus norvegicus,Management,3.151900878
Mammal,Rattus norvegicus,Management,70.57097679
Mammal,Rattus norvegicus,Mixed,11.31813006
Mammal,Rattus rattus,Damage,5.27191868
Mammal,Rattus rattus,Damage,72775.63475
Amphibian,Rhinella marina,Management,11.79999546
Amphibian,Rhinella marina,Management,11.79999546
Amphibian,Rhinella marina,Management,11.79999546
Amphibian,Rhinella marina,Management,11.79999546
terrinv,Rhipicephalus microplus,Damage,14762.71988
terrinv,Rhynchophorus ferrugineus,Management,10.68207125
terrinv,Scirtothrips perseae,Damage,69.58615696
terrinv,Scirtothrips perseae,Mixed,74.36483597
Mammal,Sciurus carolinensis,Management,5.11648188
Mammal,Sciurus carolinensis,Management,5.11648188
Mammal,Sciurus carolinensis,Management,3.501496267
Mammal,Sciurus carolinensis,Damage,9.524244093
Mammal,Sciurus carolinensis,Damage,9.524244093
Mammal,Sciurus carolinensis,Damage,9.255463018
terrinv,Sirex noctilio,Management,195.5069873
terrinv,Sirex noctilio,Management,7.281600185
terrinv,Solenopsis invicta,Management,30.31184714
terrinv,Solenopsis invicta,Management,30.31184714
terrinv,Solenopsis invicta,Management,30.31184714
terrinv,Solenopsis invicta,Management,30.31184714
terrinv,Solenopsis invicta,Management,30.31184714
terrinv,Solenopsis invicta,Management,30.31184714
terrinv,Solenopsis invicta,Management,30.31184714
terrinv,Solenopsis invicta,Management,30.31184714
terrinv,Solenopsis invicta,Management,27.84949032
terrinv,Solenopsis invicta,Management,50.57118569
terrinv,Solenopsis invicta,Management,50.57118569
terrinv,Solenopsis invicta,Management,50.57118569
terrinv,Solenopsis invicta,Management,50.57118569
terrinv,Solenopsis invicta,Management,50.57118569
terrinv,Solenopsis invicta,Management,50.57118569
terrinv,Solenopsis invicta,Management,50.57118569
terrinv,Solenopsis invicta,Management,50.57118569
terrinv,Solenopsis invicta,Management,50.57118569
terrinv,Solenopsis invicta,Management,50.57118569
terrinv,Solenopsis invicta,Management,50.57118569
terrinv,Solenopsis invicta,Management,50.57118569
terrinv,Solenopsis invicta,Management,50.57118569
terrinv,Solenopsis invicta,Management,50.57118569
terrinv,Solenopsis invicta,Management,50.57118569
terrinv,Solenopsis invicta,Management,50.57118569
terrinv,Solenopsis invicta,Management,50.57118569
terrinv,Spodoptera frugiperda,Damage,1207.609998
terrinv,Spodoptera frugiperda,Damage,2495.606804
terrinv,Spodoptera frugiperda,Damage,3141.031842
terrinv,Spodoptera frugiperda,Damage,1349.250113
terrinv,Spodoptera frugiperda,Damage,1220.215258
terrinv,Spodoptera frugiperda,Damage,1808.907766
terrinv,Spodoptera frugiperda,Damage,1462.74373
terrinv,Spodoptera frugiperda,Damage,2936.194606
terrinv,Spodoptera frugiperda,Damage,1948.900602
terrinv,Spodoptera frugiperda,Damage,1848.749953
terrinv,Spodoptera frugiperda,Damage,2494.820604
terrinv,Spodoptera frugiperda,Damage,1868.270481
terrinv,Spodoptera frugiperda,Management,27.94275411
terrinv,Spodoptera frugiperda,Mixed,18.96482874
terrinv,Stomoxys calcitrans,Damage,12374.60158
Mammal,Sus scrofa,Damage,150.2677599
Mammal,Sus scrofa,Damage,150.2677599
Mammal,Sus scrofa,Damage,150.2677599
Mammal,Sus scrofa,Damage,150.2677599
Mammal,Sus scrofa,Damage,33.61585893
Mammal,Sus scrofa,Damage,150.2677599
Mammal,Sus scrofa,Damage,150.2677599
Mammal,Sus scrofa,Management,4.889675021
Mammal,Sus scrofa,Damage,2.331384063
Mammal,Sus scrofa,Damage,3050.572264
Mammal,Sus scrofa,Damage,3050.572264
Mammal,Sus scrofa,Management,4.622582546
Mammal,Sus scrofa,Management,4.622582546
Mammal,Sus scrofa,Management,3.222485482
Mammal,Sus scrofa,Management,3.222485482
Mammal,Sus scrofa,Damage,9.572445479
Mammal,Sus scrofa,Damage,9.572445479
Mammal,Sus scrofa,Damage,9.572445479
terrinv,Teia anartoides,Management,742.8630142
terrinv,Thrips palmi,Management,1.343304345
terrinv,Thrips palmi,Management,1.343304345
Fish,Tinca tinca,Management,0.18918163
Reptilia,Trachemys scripta,Management,0.229387291
Reptilia,Trachemys scripta,Management,0.229387291
Reptilia,Trachemys scripta,Management,0.229387291
Reptilia,Trachemys scripta,Management,0.229387291
Reptilia,Trachemys scripta,Management,0.229387291
Reptilia,Trachemys scripta,Management,0.229387291
Mammal,Trichosurus vulpecula,Management,50.25682482
Mammal,Trichosurus vulpecula,Management,50.25682482
Mammal,Trichosurus vulpecula,Management,50.25682482
Mammal,Trichosurus vulpecula,Management,50.25682482
Mammal,Trichosurus vulpecula,Management,50.25682482
Mammal,Trichosurus vulpecula,Management,50.25682482
Mammal,Trichosurus vulpecula,Management,50.25682482
Mammal,Trichosurus vulpecula,Management,50.25682482
terrinv,Trogoderma granarium,Management,1.894345953
terrinv,Varroa jacobsoni,Damage,0.002298147
terrinv,Vespa velutina,Management,0.576228474
terrinv,Vespa velutina,Damage,0.144138764
terrinv,Vespa velutina,Management,0.308541772
terrinv,Vespa velutina,Management,0.308541772
terrinv,Vespa velutina,Management,0.308541772
terrinv,Vespa velutina,Management,0.308541772
terrinv,Vespa velutina,Management,0.308541772
terrinv,Vespa velutina,Management,0.308541772
terrinv,Vespa velutina,Management,0.308541772
terrinv,Vespa velutina,Management,0.308541772
terrinv,Vespa velutina,Management,0.276808573
terrinv,Vespa velutina,Management,0.276808573
terrinv,Vespa velutina,Management,0.276808573
terrinv,Vespa velutina,Management,0.276808573
terrinv,Vespa velutina,Management,0.276808573
terrinv,Vespa velutina,Management,0.276808573
terrinv,Vespa velutina,Management,0.276808573
terrinv,Vespa velutina,Management,0.276808573
terrinv,Vespa velutina,Management,0.276808573
terrinv,Vespa velutina,Management,0.276808573
terrinv,Vespa velutina,Management,0.276808573
terrinv,Vespa velutina,Management,0.276808573
terrinv,Vespa velutina,Management,0.276808573
terrinv,Vespula germanica,Management,0.034405494
terrinv,Vespula germanica,Damage,19.41893719
terrinv,Vespula germanica,Damage,19.41893719
terrinv,Vespula germanica,Damage,19.41893719
terrinv,Vespula germanica,Damage,19.41893719
terrinv,Vespula vulgaris,Management,2.1042945
Mammal,Vulpes vulpes,Damage,26.33861722
Mammal,Vulpes vulpes,Damage,26.33861722
Mammal,Vulpes vulpes,Damage,26.33861722
Mammal,Vulpes vulpes,Management,32.76292006
Mammal,Vulpes vulpes,Damage,249.1585745
Mammal,Vulpes vulpes,Management,0.519788366
Amphibian,Xenopus laevis,Management,0.019014146
